program-flag,cpu-time,system-time,wall-time
ssca2-o0,48.392,0.008,48.58
ssca2-o1,34.754,0.01,34.906
ssca2-o2,32.483999999999995,0.008,32.620000000000005
ssca2-o3,32.077999999999996,0.01,32.215999999999994
ssca2-ofast,29.784,0.01,29.909999999999997
ssca2-os,38.304,0.01,38.446000000000005
