program-flag,cpu-time,system-time,wall-time
ssca2-o0,9.658,0.0,9.687999999999999
ssca2-o1,5.712000000000001,0.0,5.738
ssca2-o2,4.896,0.0,4.9159999999999995
ssca2-o3,4.782,0.0,4.804
ssca2-ofast,4.714,0.0,4.736
ssca2-os,6.198,0.0,6.220000000000001
